{
  "intercept": 0.282673,
  "coef": {
    "Kt": 0.000363,
    "Humidity": -0.005624
  }
}