{
  "intercept": 0.114384,
  "coef": {
    "Kt": 0.000311,
    "Humidity": -0.004147,
    "LWTop": -0.001187,
    "LWBot": 0.001299
  }
}